id,name,age,email
1,John Doe,28,john.doe@example.com
2,Jane Smith,34,jane.smith@example.com
3,Bob Johnson,45,bob.johnson@example.com
4,Alice Williams,23,alice.williams@example.com
5,Michael Brown,38,michael.brown@example.com
6,Emma Davis,29,emma.davis@example.com
7,Daniel Wilson,41,daniel.wilson@example.com
8,Olivia Taylor,26,olivia.taylor@example.com
9,James Anderson,32,james.anderson@example.com
10,Sophia Thomas,27,sophia.thomas@example.com
11,William Jackson,36,william.jackson@example.com
12,Isabella White,24,isabella.white@example.com
13,Lucas Harris,30,lucas.harris@example.com
14,Mia Martin,22,mia.martin@example.com
15,Henry Thompson,39,henry.thompson@example.com
16,Charlotte Garcia,31,charlotte.garcia@example.com
17,Alexander Martinez,42,alexander.martinez@example.com
18,Evelyn Robinson,25,evelyn.robinson@example.com
19,David Clark,37,david.clark@example.com
20,Grace Rodriguez,28,grace.rodriguez@example.com
21,Joseph Lewis,33,joseph.lewis@example.com
22,Harper Lee,21,harper.lee@example.com
23,Matthew Walker,40,matthew.walker@example.com
24,Emily Hall,29,emily.hall@example.com
25,Samuel Allen,35,samuel.allen@example.com
26,Chloe Young,26,chloe.young@example.com
27,Andrew King,44,andrew.king@example.com
28,Lily Wright,23,lily.wright@example.com
29,Christopher Scott,38,christopher.scott@example.com
30,Zoe Green,27,zoe.green@example.com
31,Joshua Baker,31,joshua.baker@example.com
32,Hannah Adams,24,hannah.adams@example.com
33,Ryan Nelson,36,ryan.nelson@example.com
34,Victoria Carter,28,victoria.carter@example.com
35,Nathan Mitchell,34,nathan.mitchell@example.com
36,Scarlett Perez,22,scarlett.perez@example.com
37,Jack Roberts,39,jack.roberts@example.com
38,Aria Turner,25,aria.turner@example.com
39,Logan Phillips,30,logan.phillips@example.com
40,Avery Campbell,27,avery.campbell@example.com
41,Sebastian Parker,41,sebastian.parker@example.com
42,Penelope Evans,26,penelope.evans@example.com
43,Jacob Edwards,32,jacob.edwards@example.com
44,Layla Collins,24,layla.collins@example.com
45,Elijah Stewart,37,elijah.stewart@example.com
46,Nora Sanchez,29,nora.sanchez@example.com
47,Leo Morris,33,leo.morris@example.com
48,Aurora Rogers,23,aurora.rogers@example.com
49,Isaac Reed,40,isaac.reed@example.com
50,Ellie Cook,28,ellie.cook@example.com